Workbook

Sheet Finance_Data
A1: Campaign_ID | B1: Region | C1: Country | D1: Product | E1: Channel | F1: Currency | G1: Start_Date | H1: End_Date | I1: LC_Spend | J1: FX_Rate | K1: USD_Spend | L1: Impressions | M1: Clicks | N1: Sales | O1: Year | P1: Month | Q1: Quarter | R1: Format | S1: CTR | T1: ROAS | U1: Spend_Outlier
A2: CMP_059 | B2: East | C2: India | D2: Perfume | E2: Retail | F2: SGD | G2: 44927 | H2: 44953 | I2: 45976.91 | J2: 0.2497 | K2: 11480.43 | L2: 146828 | M2: 22431 | N2: 180649.72 | O2: 2023 | P2: January | Q2: Q1 | R2: India | XYZ | PQR | TEST | S2: =Table1[[#This Row],[Clicks]]/Table1[[#This Row],[Impressions]] -> 0.15277059 | T2: =Table1[[#This Row],[Sales]]/Table1[[#This Row],[USD_Spend]] -> 15.735449 | U2: =Outlier_Check!C12 -> Normal
A3: CMP_001 | B3: North | C3: UK | D3: Skincare | E3: Wholesale | F3: AUD | G3: 44928 | H3: 44985 | I3: 23767.95 | J3: 0.997 | K3: 23696.65 | L3: 313300 | M3: 42898 | N3: 243160.04 | O3: 2023 | P3: January | Q3: Q1 | R3: UK | JKL | MNO | PQR | S3: =Table1[[#This Row],[Clicks]]/Table1[[#This Row],[Impressions]] -> 0.13692308 | T3: =Table1[[#This Row],[Sales]]/Table1[[#This Row],[USD_Spend]] -> 10.261368 | U3: =Outlier_Check!C13 -> Normal
A4: CMP_027 | B4: East | C4: India | D4: Watch | E4: Wholesale | F4: GBP | G4: 44929 | H4: 44961 | I4: 32407.35 | J4: 1.1323 | K4: 36694.84 | L4: 64382 | M4: 21268 | N4: 110974.3 | O4: 2023 | P4: January | Q4: Q1 | R4: UK | JKL | MNO | PQR | S4: =Table1[[#This Row],[Clicks]]/Table1[[#This Row],[Impressions]] -> 0.33034078 | T4: =Table1[[#This Row],[Sales]]/Table1[[#This Row],[USD_Spend]] -> 3.0242481 | U4: =Outlier_Check!C14 -> Normal
A5: CMP_027 | B5: East | C5: Singapore | D5: Foundation | E5: Wholesale | F5: SGD | G5: 44930 | H5: 44962 | I5: 4295.8 | J5: 0.6737 | K5: 2894.08 | L5: 228677 | M5: 46629 | N5: 48638.18 | O5: 2023 | P5: January | Q5: Q1 | R5: India | XYZ | PQR | TEST | S5: =Table1[[#This Row],[Clicks]]/Table1[[#This Row],[Impressions]] -> 0.2039077 | T5: =Table1[[#This Row],[Sales]]/Table1[[#This Row],[USD_Spend]] -> 16.806094 | U5: =Outlier_Check!C15 -> Normal
A6: CMP_009 | B6: West | C6: UK | D6: Watch | E6: Ecommerce | F6: USD | G6: 44932 | H6: 44959 | I6: 44295.24 | J6: 0.854 | K6: 37828.13 | L6: 126041 | M6: 12523 | N6: 74800.44 | O6: 2023 | P6: January | Q6: Q1 | R6: India | XYZ | PQR | TEST | S6: =Table1[[#This Row],[Clicks]]/Table1[[#This Row],[Impressions]] -> 0.099356559 | T6: =Table1[[#This Row],[Sales]]/Table1[[#This Row],[USD_Spend]] -> 1.9773761 | U6: =Outlier_Check!C16 -> Normal
A7: CMP_047 | B7: South | C7: UK | D7: Skincare | E7: Retail | F7: USD | G7: 44933 | H7: 44977 | I7: 23557.34 | J7: 0.365 | K7: 8598.43 | L7: 122369 | M7: 437 | N7: 90681.82 | O7: 2023 | P7: January | Q7: Q1 | R7: UK | JKL | MNO | PQR | S7: =Table1[[#This Row],[Clicks]]/Table1[[#This Row],[Impressions]] -> 0.0035711659 | T7: =Table1[[#This Row],[Sales]]/Table1[[#This Row],[USD_Spend]] -> 10.546323 | U7: =Outlier_Check!C17 -> Normal
A8: CMP_054 | B8: West | C8: Australia | D8: Perfume | E8: Ecommerce | F8: USD | G8: 44934 | H8: 44962 | I8: 39327.61 | J8: 0.614 | K8: 24147.15 | L8: 290608 | M8: 43267 | N8: 69802.27 | O8: 2023 | P8: January | Q8: Q1 | R8: Australia | ABC | BCD | S8: =Table1[[#This Row],[Clicks]]/Table1[[#This Row],[Impressions]] -> 0.14888441 | T8: =Table1[[#This Row],[Sales]]/Table1[[#This Row],[USD_Spend]] -> 2.8907043 | U8: =Outlier_Check!C18 -> Normal
A9: CMP_040 | B9: East | C9: India | D9: Skincare | E9: Ecommerce | F9: INR | G9: 44936 | H9: 44995 | I9: 7781.33 | J9: 0.7802 | K9: 6070.99 | L9: 354625 | M9: 23530 | N9: 224159.27 | O9: 2023 | P9: January | Q9: Q1 | R9: Australia | ABC | BCD | S9: =Table1[[#This Row],[Clicks]]/Table1[[#This Row],[Impressions]] -> 0.06635178 | T9: =Table1[[#This Row],[Sales]]/Table1[[#This Row],[USD_Spend]] -> 36.923017 | U9: =Outlier_Check!C19 -> Normal
A10: CMP_006 | B10: East | C10: Australia | D10: Lipstick | E10: Ecommerce | F10: AUD | G10: 44936 | H10: 44955 | I10: 37414.08 | J10: 0.9125 | K10: 34140.35 | L10: 723612 | M10: 46577 | N10: 92666.15 | O10: 2023 | P10: January | Q10: Q1 | R10: Australia | ABC | BCD | S10: =Table1[[#This Row],[Clicks]]/Table1[[#This Row],[Impressions]] -> 0.064367368 | T10: =Table1[[#This Row],[Sales]]/Table1[[#This Row],[USD_Spend]] -> 2.7142707 | U10: =Outlier_Check!C20 -> Normal
A11: CMP_003 | B11: North | C11: Australia | D11: Luxury Bag | E11: Retail | F11: GBP | G11: 44936 | H11: 44944 | I11: 14037.96 | J11: 1.1467 | K11: 16097.33 | L11: 707640 | M11: 38271 | N11: 198355.76 | O11: 2023 | P11: January | Q11: Q1 | R11: USA | DEF | GHI | S11: =Table1[[#This Row],[Clicks]]/Table1[[#This Row],[Impressions]] -> 0.054082584 | T11: =Table1[[#This Row],[Sales]]/Table1[[#This Row],[USD_Spend]] -> 12.322277 | U11: =Outlier_Check!C21 -> Normal
A12: CMP_009 | B12: East | C12: UK | D12: Foundation | E12: Wholesale | F12: AUD | G12: 44939 | H12: 44980 | I12: 41722.33 | J12: 0.5056 | K12: 21094.81 | L12: 812598 | M12: 12055 | N12: 120092.36 | O12: 2023 | P12: January | Q12: Q1 | R12: UK | JKL | MNO | PQR | S12: =Table1[[#This Row],[Clicks]]/Table1[[#This Row],[Impressions]] -> 0.014835134 | T12: =Table1[[#This Row],[Sales]]/Table1[[#This Row],[USD_Spend]] -> 5.6929814 | U12: =Outlier_Check!C22 -> Normal
A13: CMP_044 | B13: North | C13: India | D13: Luxury Bag | E13: Wholesale | F13: AUD | G13: 44939 | H13: 44962 | I13: 46433.9 | J13: 0.5441 | K13: 25264.68 | L13: 721451 | M13: 20788 | N13: 240631.87 | O13: 2023 | P13: January | Q13: Q1 | R13: UK | JKL | MNO | PQR | S13: =Table1[[#This Row],[Clicks]]/Table1[[#This Row],[Impressions]] -> 0.028814154 | T13: =Table1[[#This Row],[Sales]]/Table1[[#This Row],[USD_Spend]] -> 9.5244377 | U13: =Outlier_Check!C23 -> Normal
... A1001: CMP_008 | B1001: South | C1001: India | D1001: Skincare | E1001: Ecommerce | F1001: USD | G1001: 45827 | H1001: 45875 | I1001: 19852.45 | J1001: 1.0622 | K1001: 21087.27 | L1001: 872752 | M1001: 7466 | N1001: 125496.04 | O1001: 2025 | P1001: June | Q1001: Q2 | R1001: USA | DEF | GHI | S1001: =Table1[[#This Row],[Clicks]]/Table1[[#This Row],[Impressions]] -> 0.0085545493 | T1001: =Table1[[#This Row],[Sales]]/Table1[[#This Row],[USD_Spend]] -> 5.9512701 | U1001: =Outlier_Check!C1011 -> Normal

Sheet Quality_Check
A8: Campaign_ID | B8: Column1 | C8: Region | D8: Country | E8: Product | F8: Channel | G8: Currency | H8: Start_Date | I8: End_Date | J8: LC_Spend | K8: FX_Rate | L8: USD_Spend | M8: Impressions | N8: Clicks | O8: Sales | P8: Year | Q8: Month | R8: Quarter
A9: CMP_059 | C9: East | D9: India | E9: Perfume | F9: Retail | G9: SGD | H9: 44927 | I9: 44953 | J9: 45976.91 | K9: 0.2497 | L9: 11480.43 | M9: 146828 | N9: 22431 | O9: 180649.72 | P9: 2023 | Q9: January | R9: Q1
A10: CMP_001 | C10: North | D10: UK | E10: Skincare | F10: Wholesale | G10: AUD | H10: 44928 | I10: 44985 | J10: 23767.95 | K10: 0.997 | L10: 23696.65 | M10: 313300 | N10: 42898 | O10: 243160.04 | P10: 2023 | Q10: January | R10: Q1
A11: CMP_027 | C11: East | D11: India | E11: Watch | F11: Wholesale | G11: GBP | H11: 44929 | I11: 44961 | J11: 32407.35 | K11: 1.1323 | L11: 36694.84 | M11: 64382 | N11: 21268 | O11: 110974.3 | P11: 2023 | Q11: January | R11: Q1
A12: CMP_027 | C12: East | D12: Singapore | E12: Foundation | F12: Wholesale | G12: SGD | H12: 44930 | I12: 44962 | J12: 4295.8 | K12: 0.6737 | L12: 2894.08 | M12: 228677 | N12: 46629 | O12: 48638.18 | P12: 2023 | Q12: January | R12: Q1
A13: CMP_009 | C13: West | D13: UK | E13: Watch | F13: Ecommerce | G13: USD | H13: 44932 | I13: 44959 | J13: 44295.24 | K13: 0.854 | L13: 37828.13 | M13: 126041 | N13: 12523 | O13: 74800.44 | P13: 2023 | Q13: January | R13: Q1
A14: CMP_047 | C14: South | D14: UK | E14: Skincare | F14: Retail | G14: USD | H14: 44933 | I14: 44977 | J14: 23557.34 | K14: 0.365 | L14: 8598.43 | M14: 122369 | N14: 437 | O14: 90681.82 | P14: 2023 | Q14: January | R14: Q1
A15: CMP_054 | C15: West | D15: Australia | E15: Perfume | F15: Ecommerce | G15: USD | H15: 44934 | I15: 44962 | J15: 39327.61 | K15: 0.614 | L15: 24147.15 | M15: 290608 | N15: 43267 | O15: 69802.27 | P15: 2023 | Q15: January | R15: Q1
A16: CMP_040 | C16: East | D16: India | E16: Skincare | F16: Ecommerce | G16: INR | H16: 44936 | I16: 44995 | J16: 7781.33 | K16: 0.7802 | L16: 6070.99 | M16: 354625 | N16: 23530 | O16: 224159.27 | P16: 2023 | Q16: January | R16: Q1
A17: CMP_006 | C17: East | D17: Australia | E17: Lipstick | F17: Ecommerce | G17: AUD | H17: 44936 | I17: 44955 | J17: 37414.08 | K17: 0.9125 | L17: 34140.35 | M17: 723612 | N17: 46577 | O17: 92666.15 | P17: 2023 | Q17: January | R17: Q1
A18: CMP_003 | C18: North | D18: Australia | E18: Luxury Bag | F18: Retail | G18: GBP | H18: 44936 | I18: 44944 | J18: 14037.96 | K18: 1.1467 | L18: 16097.33 | M18: 707640 | N18: 38271 | O18: 198355.76 | P18: 2023 | Q18: January | R18: Q1
A19: CMP_009 | C19: East | D19: UK | E19: Foundation | F19: Wholesale | G19: AUD | H19: 44939 | I19: 44980 | J19: 41722.33 | K19: 0.5056 | L19: 21094.81 | M19: 812598 | N19: 12055 | O19: 120092.36 | P19: 2023 | Q19: January | R19: Q1
A20: CMP_044 | C20: North | D20: India | E20: Luxury Bag | F20: Wholesale | G20: AUD | H20: 44939 | I20: 44962 | J20: 46433.9 | K20: 0.5441 | L20: 25264.68 | M20: 721451 | N20: 20788 | O20: 240631.87 | P20: 2023 | Q20: January | R20: Q1
... A1008: CMP_008 | C1008: South | D1008: India | E1008: Skincare | F1008: Ecommerce | G1008: USD | H1008: 45827 | I1008: 45875 | J1008: 19852.45 | K1008: 1.0622 | L1008: 21087.27 | M1008: 872752 | N1008: 7466 | O1008: 125496.04 | P1008: 2025 | Q1008: June | R1008: Q2

Sheet Outlier_Check
A1: Outlier_Summary
A2: ="Average Spend" -> Average Spend | B2: =AVERAGE(Table14[USD_Spend]) -> 15870.82 | C2: ="No. of Spend Outlier" -> No. of Spend Outlier | D2: =COUNTIF(Table14[Spend_Outlier],"Outlier") -> 8
A3: ="Average Sales" -> Average Sales | B3: =AVERAGE(Table14[Sales]) -> 124560.07 | C3: ="No. of Sales Outlier" -> No. of Sales Outlier | D3: =COUNTIF(Table14[Sales Outlier],"Outlier") -> 0
A4: ="Q3 Spend" -> Q3 Spend | B4: =_xlfn.QUARTILE.INC(Table14[USD_Spend],3) -> 24196.19
A5: ="Q3 Sales" -> Q3 Sales | B5: =_xlfn.QUARTILE.INC(Table14[Sales],3) -> 181856.52
A6: ="Q1 Spend" -> Q1 Spend | B6: =_xlfn.QUARTILE.INC(Table14[USD_Spend],1) -> 4601.8175
A7: ="Q1 Sales" -> Q1 Sales | B7: =_xlfn.QUARTILE.INC(Table14[Sales],1) -> 69253.508
A8: ="IQR Spend" -> IQR Spend | B8: =B4-B6 -> 19594.373
A9: ="IQR Sales" -> IQR Sales | B9: =B5-B7 -> 112603.01
A11: Campaign_ID | B11: USD_Spend | C11: Spend_Outlier | D11: Impressions | E11: Clicks | F11: Sales | G11: Sales Outlier | H11: ROAS | I11: ROAS_Outlier
A12: CMP_059 | B12: 11480.43 | C12: =IF(OR(Table14[[#This Row],[USD_Spend]]>($B$4+1.5*$B$8),Table14[[#This Row],[USD_Spend]]<($B$6-1.5*$B$8)),"Outlier","Normal") -> Normal | D12: 146828 | E12: 22431 | F12: 180649.72 | G12: =IF(OR(Table14[[#This Row],[Sales]]>($B$5+1.5*$B$9),Table14[[#This Row],[Sales]]<($B$7-1.5*$B$9)),"Outlier","Normal") -> Normal | I12: =Table1[[#This Row],[Sales]]/Table1[[#This Row],[USD_Spend]] -> 5.6929814
A13: CMP_001 | B13: 23696.65 | C13: =IF(OR(Table14[[#This Row],[USD_Spend]]>($B$4+1.5*$B$8),Table14[[#This Row],[USD_Spend]]<($B$6-1.5*$B$8)),"Outlier","Normal") -> Normal | D13: 313300 | E13: 42898 | F13: 243160.04 | G13: =IF(OR(Table14[[#This Row],[Sales]]>($B$5+1.5*$B$9),Table14[[#This Row],[Sales]]<($B$7-1.5*$B$9)),"Outlier","Normal") -> Normal | I13: =Table1[[#This Row],[Sales]]/Table1[[#This Row],[USD_Spend]] -> 9.5244377
A14: CMP_027 | B14: 36694.84 | C14: =IF(OR(Table14[[#This Row],[USD_Spend]]>($B$4+1.5*$B$8),Table14[[#This Row],[USD_Spend]]<($B$6-1.5*$B$8)),"Outlier","Normal") -> Normal | D14: 64382 | E14: 21268 | F14: 110974.3 | G14: =IF(OR(Table14[[#This Row],[Sales]]>($B$5+1.5*$B$9),Table14[[#This Row],[Sales]]<($B$7-1.5*$B$9)),"Outlier","Normal") -> Normal | I14: =Table1[[#This Row],[Sales]]/Table1[[#This Row],[USD_Spend]] -> 3.2401168
A15: CMP_027 | B15: 2894.08 | C15: =IF(OR(Table14[[#This Row],[USD_Spend]]>($B$4+1.5*$B$8),Table14[[#This Row],[USD_Spend]]<($B$6-1.5*$B$8)),"Outlier","Normal") -> Normal | D15: 228677 | E15: 46629 | F15: 48638.18 | G15: =IF(OR(Table14[[#This Row],[Sales]]>($B$5+1.5*$B$9),Table14[[#This Row],[Sales]]<($B$7-1.5*$B$9)),"Outlier","Normal") -> Normal | I15: =Table1[[#This Row],[Sales]]/Table1[[#This Row],[USD_Spend]] -> 7.3778892
A16: CMP_009 | B16: 37828.13 | C16: =IF(OR(Table14[[#This Row],[USD_Spend]]>($B$4+1.5*$B$8),Table14[[#This Row],[USD_Spend]]<($B$6-1.5*$B$8)),"Outlier","Normal") -> Normal | D16: 126041 | E16: 12523 | F16: 74800.44 | G16: =IF(OR(Table14[[#This Row],[Sales]]>($B$5+1.5*$B$9),Table14[[#This Row],[Sales]]<($B$7-1.5*$B$9)),"Outlier","Normal") -> Normal | I16: =Table1[[#This Row],[Sales]]/Table1[[#This Row],[USD_Spend]] -> 10.071771
A17: CMP_047 | B17: 8598.43 | C17: =IF(OR(Table14[[#This Row],[USD_Spend]]>($B$4+1.5*$B$8),Table14[[#This Row],[USD_Spend]]<($B$6-1.5*$B$8)),"Outlier","Normal") -> Normal | D17: 122369 | E17: 437 | F17: 90681.82 | G17: =IF(OR(Table14[[#This Row],[Sales]]>($B$5+1.5*$B$9),Table14[[#This Row],[Sales]]<($B$7-1.5*$B$9)),"Outlier","Normal") -> Normal | I17: =Table1[[#This Row],[Sales]]/Table1[[#This Row],[USD_Spend]] -> 0.89736037
A18: CMP_054 | B18: 24147.15 | C18: =IF(OR(Table14[[#This Row],[USD_Spend]]>($B$4+1.5*$B$8),Table14[[#This Row],[USD_Spend]]<($B$6-1.5*$B$8)),"Outlier","Normal") -> Normal | D18: 290608 | E18: 43267 | F18: 69802.27 | G18: =IF(OR(Table14[[#This Row],[Sales]]>($B$5+1.5*$B$9),Table14[[#This Row],[Sales]]<($B$7-1.5*$B$9)),"Outlier","Normal") -> Normal | I18: =Table1[[#This Row],[Sales]]/Table1[[#This Row],[USD_Spend]] -> 3.9013838
A19: CMP_040 | B19: 6070.99 | C19: =IF(OR(Table14[[#This Row],[USD_Spend]]>($B$4+1.5*$B$8),Table14[[#This Row],[USD_Spend]]<($B$6-1.5*$B$8)),"Outlier","Normal") -> Normal | D19: 354625 | E19: 23530 | F19: 224159.27 | G19: =IF(OR(Table14[[#This Row],[Sales]]>($B$5+1.5*$B$9),Table14[[#This Row],[Sales]]<($B$7-1.5*$B$9)),"Outlier","Normal") -> Normal | I19: =Table1[[#This Row],[Sales]]/Table1[[#This Row],[USD_Spend]] -> 14.830876
A20: CMP_006 | B20: 34140.35 | C20: =IF(OR(Table14[[#This Row],[USD_Spend]]>($B$4+1.5*$B$8),Table14[[#This Row],[USD_Spend]]<($B$6-1.5*$B$8)),"Outlier","Normal") -> Normal | D20: 723612 | E20: 46577 | F20: 92666.15 | G20: =IF(OR(Table14[[#This Row],[Sales]]>($B$5+1.5*$B$9),Table14[[#This Row],[Sales]]<($B$7-1.5*$B$9)),"Outlier","Normal") -> Normal | I20: =Table1[[#This Row],[Sales]]/Table1[[#This Row],[USD_Spend]] -> 10.821385
A21: CMP_003 | B21: 16097.33 | C21: =IF(OR(Table14[[#This Row],[USD_Spend]]>($B$4+1.5*$B$8),Table14[[#This Row],[USD_Spend]]<($B$6-1.5*$B$8)),"Outlier","Normal") -> Normal | D21: 707640 | E21: 38271 | F21: 198355.76 | G21: =IF(OR(Table14[[#This Row],[Sales]]>($B$5+1.5*$B$9),Table14[[#This Row],[Sales]]<($B$7-1.5*$B$9)),"Outlier","Normal") -> Normal | I21: =Table1[[#This Row],[Sales]]/Table1[[#This Row],[USD_Spend]] -> 3.0440037
A22: CMP_009 | B22: 21094.81 | C22: =IF(OR(Table14[[#This Row],[USD_Spend]]>($B$4+1.5*$B$8),Table14[[#This Row],[USD_Spend]]<($B$6-1.5*$B$8)),"Outlier","Normal") -> Normal | D22: 812598 | E22: 12055 | F22: 120092.36 | G22: =IF(OR(Table14[[#This Row],[Sales]]>($B$5+1.5*$B$9),Table14[[#This Row],[Sales]]<($B$7-1.5*$B$9)),"Outlier","Normal") -> Normal | I22: =Table1[[#This Row],[Sales]]/Table1[[#This Row],[USD_Spend]] -> 9.6370028
A23: CMP_044 | B23: 25264.68 | C23: =IF(OR(Table14[[#This Row],[USD_Spend]]>($B$4+1.5*$B$8),Table14[[#This Row],[USD_Spend]]<($B$6-1.5*$B$8)),"Outlier","Normal") -> Normal | D23: 721451 | E23: 20788 | F23: 240631.87 | G23: =IF(OR(Table14[[#This Row],[Sales]]>($B$5+1.5*$B$9),Table14[[#This Row],[Sales]]<($B$7-1.5*$B$9)),"Outlier","Normal") -> Normal | I23: =Table1[[#This Row],[Sales]]/Table1[[#This Row],[USD_Spend]] -> 71.466242
... A1011: CMP_008 | B1011: 21087.27 | C1011: =IF(OR(Table14[[#This Row],[USD_Spend]]>($B$4+1.5*$B$8),Table14[[#This Row],[USD_Spend]]<($B$6-1.5*$B$8)),"Outlier","Normal") -> Normal | D1011: 872752 | E1011: 7466 | F1011: 125496.04 | G1011: =IF(OR(Table14[[#This Row],[Sales]]>($B$5+1.5*$B$9),Table14[[#This Row],[Sales]]<($B$7-1.5*$B$9)),"Outlier","Normal") -> Normal | I1011: =Table1[[#This Row],[Sales]]/Table1[[#This Row],[USD_Spend]] -> #VALUE!

Sheet Outlier_Analysis
A1: Spend Outlier Analysis
A2: Outlier Spend vs Normal Spend Performance | G2: Spend Outlier Campaigns
A3: Outlier Status | B3: Average Spend | C3: Average Sales | D3: Average Clicks | E3: Average ROAS | G3: Spend_Outlier | H3: Outlier
A4: Normal | B4: 15550.934 | C4: 124657.75 | D4: 25277.454 | E4: 37.133609
A5: Outlier | B5: 55536.776 | C5: 112447.35 | D5: 18144.125 | E5: 2.019605 | G5: Campaign ID | H5: Average Spend | I5: Average Sales | J5: Average ROAS
G6: CMP_032 | H6: 56121.57 | I6: 175264.65 | J6: 3.1229463
A7: Spend Outlier Products | G7: CMP_010 | H7: 54404.03 | I7: 163688.87 | J7: 3.0087637
A8: Spend_Outlier | B8: Outlier | G8: CMP_018 | H8: 58427.41 | I8: 165931.78 | J8: 2.8399647
G9: CMP_007 | H9: 55207.65 | I9: 111323.01 | J9: 2.0164417
A10: Product | B10: Average Spend | C10: Average Sales | D10: Campaign Count | E10: Average ROAS | G10: CMP_036 | H10: 54685.92 | I10: 108168.35 | J10: 1.9779927
A11: Foundation | B11: 56133.225 | C11: 124410.92 | D11: 2 | E11: 2.216539 | G11: CMP_026 | H11: 53851.12 | I11: 88737.61 | J11: 1.6478322
A12: Lipstick | B12: 55207.65 | C12: 111323.01 | D12: 1 | E12: 2.0164417 | G12: CMP_003 | H12: 56144.88 | I12: 73557.19 | J12: 1.3101318
A13: Luxury Bag | B13: 56415.72 | C13: 164810.33 | D13: 2 | E13: 2.9243642 | G13: CMP_027 | H13: 55451.63 | I13: 12907.31 | J13: 0.23276701
A14: Skincare | B14: 55068.775 | C14: 60537.83 | D14: 2 | E14: 1.1053798
A15: Watch | B15: 53851.12 | C15: 88737.61 | D15: 1 | E15: 1.6478322
A17: Spend Outlier Country, Channel and Campaigns | G17: Comparison Analysis Between Top and Bottom Performing Outliers
A18: Spend_Outlier | B18: Outlier | G18: Spend_Outlier | H18: Outlier | K18: Spend_Outlier | L18: Outlier
G19: Campaign_ID | H19: CMP_032 | K19: Campaign_ID | L19: CMP_027
A20: Country | B20: Average Spend | C20: Average Sales | D20: Campaign Count | E20: Average ROAS
A21: Singapore | B21: 56144.88 | C21: 73557.19 | D21: 1 | E21: 1.3101318 | G21: Country | H21: Average Spend | I21: Average Sales | J21: Average ROAS | K21: Country | L21: Average Spend | M21: Average Sales | N21: Average ROAS
A22: India | B22: 53851.12 | C22: 88737.61 | D22: 1 | E22: 1.6478322 | G22: USA | H22: 56121.57 | I22: 175264.65 | J22: 3.1229463 | K22: Australia | L22: 55451.63 | M22: 12907.31 | N22: 0.23276701
A23: Australia | B23: 56188.32 | C23: 95669.147 | D23: 3 | E23: 1.6835748 | G23: Ecommerce | H23: 56121.57 | I23: 175264.65 | J23: 3.1229463 | K23: Retail | L23: 55451.63 | M23: 12907.31 | N23: 0.23276701
A24: UK | B24: 55207.65 | C24: 111323.01 | D24: 1 | E24: 2.0164417 | G24: Foundation | H24: 56121.57 | I24: 175264.65 | J24: 3.1229463 | K24: Skincare | L24: 55451.63 | M24: 12907.31 | N24: 0.23276701
A25: USA | B25: 55262.8 | C25: 169476.76 | D25: 2 | E25: 3.065855
A27: Key Findings | G27: Recommendation
A28: Outlier analysis identified 8 high-spend campaigns that invested an average of $55.5K, which is approximately 3.6 times higher than normal campaigns. However, these campaigns generated lower average sales ($112.4K vs. $124.7K), fewer clicks (18.1K vs. 25.3K), lower CTR (9% vs. 11%), and significantly lower ROAS (2.02 vs. 37.13). Among the spend outliers, Luxury Bag campaigns delivered the highest average ROAS (2.92), while Skincare campaigns delivered the lowest (1.11). Market analysis showed that the USA achieved the highest ROAS (3.07), whereas Singapore recorded the weakest performance (1.31). Additionally, Ecommerce campaigns outperformed Retail campaigns, with Retail generating the lowest ROAS (0.23) despite receiving comparable investment levels. | G28: The current analysis suggests that increasing campaign spend alone does not guarantee sales improvement. Future budget allocation should prioritize high-performing combinations such as USA-based Ecommerce campaigns and Luxury Bag campaigns, which demonstrated stronger returns among high-spend investments. At the same time, underperforming campaigns, particularly Retail and Skincare campaigns, should be reviewed for targeting, creative strategy, audience selection, and budget utilization. Campaigns such as CMP_027, which delivered the lowest ROAS despite a high investment, should be investigated further to identify performance gaps and reallocate budget toward more efficient campaign types.
